GROUP,PACKAGE,CLASS,INSTRUCTION_MISSED,INSTRUCTION_COVERED,BRANCH_MISSED,BRANCH_COVERED,LINE_MISSED,LINE_COVERED,COMPLEXITY_MISSED,COMPLEXITY_COVERED,METHOD_MISSED,METHOD_COVERED
personal-finance-manager,com.personalfinance.config,DataInitializer,96,0,2,0,12,0,3,0,2,0
personal-finance-manager,com.personalfinance.config,SecurityConfig,101,0,0,0,20,0,9,0,9,0
personal-finance-manager,com.personalfinance,PersonalFinanceApplication,5,3,0,0,2,1,1,1,1,1
personal-finance-manager,com.personalfinance.service,AuthService,6,135,2,8,0,37,3,8,1,5
personal-finance-manager,com.personalfinance.service,ReportService,0,262,5,19,0,59,5,10,0,3
personal-finance-manager,com.personalfinance.service,CustomUserDetailsService,0,30,0,0,0,7,0,3,0,3
personal-finance-manager,com.personalfinance.service,GoalService,28,316,10,20,3,79,11,15,2,9
personal-finance-manager,com.personalfinance.service,CategoryService,0,216,0,14,0,56,0,13,0,6
personal-finance-manager,com.personalfinance.service,TransactionService,14,222,6,12,2,53,5,12,0,8
personal-finance-manager,com.personalfinance.dto,CategoryResponse,147,25,30,0,2,5,23,5,8,5
personal-finance-manager,com.personalfinance.dto,YearlyReportResponse,186,31,38,0,2,6,28,6,9,6
personal-finance-manager,com.personalfinance.dto,GoalRequest,167,50,38,0,0,8,23,11,4,11
personal-finance-manager,com.personalfinance.dto,RegisterRequest.RegisterRequestBuilder,10,35,0,0,0,1,1,6,1,6
personal-finance-manager,com.personalfinance.dto,GoalUpdateRequest.GoalUpdateRequestBuilder,15,23,0,0,0,1,2,4,2,4
personal-finance-manager,com.personalfinance.dto,TransactionUpdateRequest,166,50,38,0,0,8,23,11,4,11
personal-finance-manager,com.personalfinance.dto,RegisterRequest,164,50,38,0,0,8,23,11,4,11
personal-finance-manager,com.personalfinance.dto,TransactionResponse,260,43,54,0,2,8,38,8,11,8
personal-finance-manager,com.personalfinance.dto,GoalResponse.GoalResponseBuilder,23,63,0,0,0,1,1,10,1,10
personal-finance-manager,com.personalfinance.dto,CategoryListResponse.CategoryListResponseBuilder,5,14,0,0,0,1,1,3,1,3
personal-finance-manager,com.personalfinance.dto,GoalRequest.GoalRequestBuilder,13,35,0,0,0,1,1,6,1,6
personal-finance-manager,com.personalfinance.dto,LoginRequest,98,30,22,0,0,6,15,7,4,7
personal-finance-manager,com.personalfinance.dto,MonthlyReportResponse.MonthlyReportResponseBuilder,15,42,0,0,0,1,1,7,1,7
personal-finance-manager,com.personalfinance.dto,RegisterResponse,109,19,22,0,2,4,18,4,7,4
personal-finance-manager,com.personalfinance.dto,TransactionRequest.TransactionRequestBuilder,12,35,0,0,0,1,1,6,1,6
personal-finance-manager,com.personalfinance.dto,GoalListResponse,73,13,14,0,2,3,13,3,6,3
personal-finance-manager,com.personalfinance.dto,TransactionListResponse.TransactionListResponseBuilder,5,14,0,0,0,1,1,3,1,3
personal-finance-manager,com.personalfinance.dto,CategoryResponse.CategoryResponseBuilder,9,28,0,0,0,1,1,5,1,5
personal-finance-manager,com.personalfinance.dto,GoalResponse,336,55,70,0,2,10,48,10,13,10
personal-finance-manager,com.personalfinance.dto,CategoryRequest,99,30,22,0,0,6,15,7,4,7
personal-finance-manager,com.personalfinance.dto,MessageResponse,72,13,14,0,2,3,13,3,6,3
personal-finance-manager,com.personalfinance.dto,MessageResponse.MessageResponseBuilder,4,14,0,0,0,1,1,3,1,3
personal-finance-manager,com.personalfinance.dto,GoalListResponse.GoalListResponseBuilder,5,14,0,0,0,1,1,3,1,3
personal-finance-manager,com.personalfinance.dto,LoginRequest.LoginRequestBuilder,6,21,0,0,0,1,1,4,1,4
personal-finance-manager,com.personalfinance.dto,CategoryListResponse,73,13,14,0,2,3,13,3,6,3
personal-finance-manager,com.personalfinance.dto,YearlyReportResponse.YearlyReportResponseBuilder,13,35,0,0,0,1,1,6,1,6
personal-finance-manager,com.personalfinance.dto,RegisterResponse.RegisterResponseBuilder,6,21,0,0,0,1,1,4,1,4
personal-finance-manager,com.personalfinance.dto,GoalUpdateRequest,133,40,30,0,0,7,19,9,4,9
personal-finance-manager,com.personalfinance.dto,MonthlyReportResponse,223,37,46,0,2,7,33,7,10,7
personal-finance-manager,com.personalfinance.dto,TransactionResponse.TransactionResponseBuilder,17,49,0,0,0,1,1,8,1,8
personal-finance-manager,com.personalfinance.dto,CategoryRequest.CategoryRequestBuilder,7,21,0,0,0,1,1,4,1,4
personal-finance-manager,com.personalfinance.dto,TransactionListResponse,73,13,14,0,2,3,13,3,6,3
personal-finance-manager,com.personalfinance.dto,TransactionRequest,166,50,38,0,0,8,23,11,4,11
personal-finance-manager,com.personalfinance.dto,TransactionUpdateRequest.TransactionUpdateRequestBuilder,17,30,0,0,0,1,2,5,2,5
personal-finance-manager,com.personalfinance.entity,User.UserBuilder,20,44,0,0,0,1,2,7,2,7
personal-finance-manager,com.personalfinance.entity,Transaction.TransactionBuilder,18,49,0,0,0,1,1,8,1,8
personal-finance-manager,com.personalfinance.entity,Category.CategoryBuilder,14,42,0,0,0,1,1,7,1,7
personal-finance-manager,com.personalfinance.entity,Goal.GoalBuilder,18,49,0,0,0,1,1,8,1,8
personal-finance-manager,com.personalfinance.entity,Transaction,253,51,54,0,1,9,36,10,9,10
personal-finance-manager,com.personalfinance.entity,CategoryType,0,15,0,0,0,3,0,1,0,1
personal-finance-manager,com.personalfinance.entity,Goal,253,51,54,0,1,9,36,10,9,10
personal-finance-manager,com.personalfinance.entity,Category,228,31,46,0,4,5,35,5,12,5
personal-finance-manager,com.personalfinance.entity,User,271,34,54,0,7,5,42,5,15,5
personal-finance-manager,com.personalfinance.exception,ForbiddenException,0,4,0,0,0,2,0,1,0,1
personal-finance-manager,com.personalfinance.exception,GlobalExceptionHandler,2,155,1,1,0,32,1,8,0,8
personal-finance-manager,com.personalfinance.exception,ResourceNotFoundException,0,4,0,0,0,2,0,1,0,1
personal-finance-manager,com.personalfinance.exception,BadRequestException,0,4,0,0,0,2,0,1,0,1
personal-finance-manager,com.personalfinance.exception,ConflictException,0,4,0,0,0,2,0,1,0,1
personal-finance-manager,com.personalfinance.controller,CategoryController,0,29,0,0,0,6,0,4,0,4
personal-finance-manager,com.personalfinance.controller,TransactionController,0,45,0,0,0,9,0,5,0,5
personal-finance-manager,com.personalfinance.controller,GoalController,0,48,0,0,0,11,0,6,0,6
personal-finance-manager,com.personalfinance.controller,ReportController,0,23,0,0,0,5,0,3,0,3
personal-finance-manager,com.personalfinance.controller,AuthController,0,35,0,0,0,7,0,4,0,4
